Date,Year,Month,Region,Department,Account_Category,Budgeted_Amount,Actual_Amount
2022-01-01,2022,Jan,North,Sales,Revenue,2400000,2213645
2022-01-01,2022,Jan,North,Sales,COGS,1200000,1191704
2022-01-01,2022,Jan,North,Sales,OpEx,120000,123886
2022-01-01,2022,Jan,North,Marketing,OpEx,180000,193707
2022-01-01,2022,Jan,North,Operations,OpEx,144000,142314
2022-01-01,2022,Jan,North,Operations,CapEx,240000,237190
2022-01-01,2022,Jan,North,R&D,OpEx,96000,103580
2022-01-01,2022,Jan,North,R&D,CapEx,180000,186907
2022-01-01,2022,Jan,North,Admin,OpEx,72000,70310
2022-01-01,2022,Jan,South,Sales,Revenue,2000000,1848830
2022-01-01,2022,Jan,South,Sales,COGS,1000000,976829
2022-01-01,2022,Jan,South,Sales,OpEx,100000,97671
2022-01-01,2022,Jan,South,Marketing,OpEx,150000,151815
2022-01-01,2022,Jan,South,Operations,OpEx,120000,108520
2022-01-01,2022,Jan,South,Operations,CapEx,200000,182751
2022-01-01,2022,Jan,South,R&D,OpEx,80000,77751
2022-01-01,2022,Jan,South,R&D,CapEx,150000,142404
2022-01-01,2022,Jan,South,Admin,OpEx,60000,60943
2022-01-01,2022,Jan,East,Sales,Revenue,1700000,1460536
2022-01-01,2022,Jan,East,Sales,COGS,850000,942420
2022-01-01,2022,Jan,East,Sales,OpEx,85000,98977
2022-01-01,2022,Jan,East,Marketing,OpEx,127500,159514
2022-01-01,2022,Jan,East,Operations,OpEx,102000,117738
2022-01-01,2022,Jan,East,Operations,CapEx,170000,165619
2022-01-01,2022,Jan,East,R&D,OpEx,68000,81094
2022-01-01,2022,Jan,East,R&D,CapEx,127500,125640
2022-01-01,2022,Jan,East,Admin,OpEx,51000,58037
2022-01-01,2022,Jan,West,Sales,Revenue,2100000,1874714
2022-01-01,2022,Jan,West,Sales,COGS,1050000,1093184
2022-01-01,2022,Jan,West,Sales,OpEx,105000,98591
2022-01-01,2022,Jan,West,Marketing,OpEx,157500,159145
2022-01-01,2022,Jan,West,Operations,OpEx,126000,113654
2022-01-01,2022,Jan,West,Operations,CapEx,210000,196054
2022-01-01,2022,Jan,West,R&D,OpEx,84000,84827
2022-01-01,2022,Jan,West,R&D,CapEx,157500,163315
2022-01-01,2022,Jan,West,Admin,OpEx,63000,63540
2022-02-01,2022,Feb,North,Sales,Revenue,2424000,2168985
2022-02-01,2022,Feb,North,Sales,COGS,1212000,1193753
2022-02-01,2022,Feb,North,Sales,OpEx,121200,112240
2022-02-01,2022,Feb,North,Marketing,OpEx,181800,175257
2022-02-01,2022,Feb,North,Operations,OpEx,145440,142090
2022-02-01,2022,Feb,North,Operations,CapEx,242400,255212
2022-02-01,2022,Feb,North,R&D,OpEx,96960,98626
2022-02-01,2022,Feb,North,R&D,CapEx,181800,165774
2022-02-01,2022,Feb,North,Admin,OpEx,72720,73898
2022-02-01,2022,Feb,South,Sales,Revenue,2020000,1782996
2022-02-01,2022,Feb,South,Sales,COGS,1010000,975815
2022-02-01,2022,Feb,South,Sales,OpEx,101000,104089
2022-02-01,2022,Feb,South,Marketing,OpEx,151500,159310
2022-02-01,2022,Feb,South,Operations,OpEx,121200,126844
2022-02-01,2022,Feb,South,Operations,CapEx,202000,193524
2022-02-01,2022,Feb,South,R&D,OpEx,80800,79551
2022-02-01,2022,Feb,South,R&D,CapEx,151500,154009
2022-02-01,2022,Feb,South,Admin,OpEx,60600,63556
2022-02-01,2022,Feb,East,Sales,Revenue,1717000,1508277
2022-02-01,2022,Feb,East,Sales,COGS,858500,994914
2022-02-01,2022,Feb,East,Sales,OpEx,85850,111098
2022-02-01,2022,Feb,East,Marketing,OpEx,128775,155210
2022-02-01,2022,Feb,East,Operations,OpEx,103020,120542
2022-02-01,2022,Feb,East,Operations,CapEx,171700,171049
2022-02-01,2022,Feb,East,R&D,OpEx,68680,86937
2022-02-01,2022,Feb,East,R&D,CapEx,128775,138678
2022-02-01,2022,Feb,East,Admin,OpEx,51510,71537
2022-02-01,2022,Feb,West,Sales,Revenue,2121000,1821053
2022-02-01,2022,Feb,West,Sales,COGS,1060500,1065116
2022-02-01,2022,Feb,West,Sales,OpEx,106050,104465
2022-02-01,2022,Feb,West,Marketing,OpEx,159075,159805
2022-02-01,2022,Feb,West,Operations,OpEx,127260,114613
2022-02-01,2022,Feb,West,Operations,CapEx,212100,209770
2022-02-01,2022,Feb,West,R&D,OpEx,84840,86355
2022-02-01,2022,Feb,West,R&D,CapEx,159075,170830
2022-02-01,2022,Feb,West,Admin,OpEx,63630,61981
2022-03-01,2022,Mar,North,Sales,Revenue,2448000,2349040
2022-03-01,2022,Mar,North,Sales,COGS,1224000,1193292
2022-03-01,2022,Mar,North,Sales,OpEx,122400,128002
2022-03-01,2022,Mar,North,Marketing,OpEx,183600,186618
2022-03-01,2022,Mar,North,Operations,OpEx,146880,142989
2022-03-01,2022,Mar,North,Operations,CapEx,244800,533498
2022-03-01,2022,Mar,North,R&D,OpEx,97920,104637
2022-03-01,2022,Mar,North,R&D,CapEx,183600,393994
2022-03-01,2022,Mar,North,Admin,OpEx,73440,70862
2022-03-01,2022,Mar,South,Sales,Revenue,2040000,2006578
2022-03-01,2022,Mar,South,Sales,COGS,1020000,1000002
2022-03-01,2022,Mar,South,Sales,OpEx,102000,94536
2022-03-01,2022,Mar,South,Marketing,OpEx,153000,155265
2022-03-01,2022,Mar,South,Operations,OpEx,122400,123998
2022-03-01,2022,Mar,South,Operations,CapEx,204000,365700
2022-03-01,2022,Mar,South,R&D,OpEx,81600,80643
2022-03-01,2022,Mar,South,R&D,CapEx,153000,260405
2022-03-01,2022,Mar,South,Admin,OpEx,61200,60315
2022-03-01,2022,Mar,East,Sales,Revenue,1734000,1720017
2022-03-01,2022,Mar,East,Sales,COGS,867000,1064078
2022-03-01,2022,Mar,East,Sales,OpEx,86700,105370
2022-03-01,2022,Mar,East,Marketing,OpEx,130050,177313
2022-03-01,2022,Mar,East,Operations,OpEx,104040,121421
2022-03-01,2022,Mar,East,Operations,CapEx,173400,270017
2022-03-01,2022,Mar,East,R&D,OpEx,69360,83688
2022-03-01,2022,Mar,East,R&D,CapEx,130050,195440
2022-03-01,2022,Mar,East,Admin,OpEx,52020,61696
2022-03-01,2022,Mar,West,Sales,Revenue,2142000,2114258
2022-03-01,2022,Mar,West,Sales,COGS,1071000,1069141
2022-03-01,2022,Mar,West,Sales,OpEx,107100,100842
2022-03-01,2022,Mar,West,Marketing,OpEx,160650,169830
2022-03-01,2022,Mar,West,Operations,OpEx,128520,133352
2022-03-01,2022,Mar,West,Operations,CapEx,214200,391334
2022-03-01,2022,Mar,West,R&D,OpEx,85680,81784
2022-03-01,2022,Mar,West,R&D,CapEx,160650,322390
2022-03-01,2022,Mar,West,Admin,OpEx,64260,68734
2022-04-01,2022,Apr,North,Sales,Revenue,2472000,2349570
2022-04-01,2022,Apr,North,Sales,COGS,1236000,1201003
2022-04-01,2022,Apr,North,Sales,OpEx,123600,124216
2022-04-01,2022,Apr,North,Marketing,OpEx,185400,180733
2022-04-01,2022,Apr,North,Operations,OpEx,148320,136820
2022-04-01,2022,Apr,North,Operations,CapEx,247200,248047
2022-04-01,2022,Apr,North,R&D,OpEx,98880,93628
2022-04-01,2022,Apr,North,R&D,CapEx,185400,189790
2022-04-01,2022,Apr,North,Admin,OpEx,74160,70751
2022-04-01,2022,Apr,South,Sales,Revenue,2060000,2219643
2022-04-01,2022,Apr,South,Sales,COGS,1030000,989662
2022-04-01,2022,Apr,South,Sales,OpEx,103000,101341
2022-04-01,2022,Apr,South,Marketing,OpEx,154500,160784
2022-04-01,2022,Apr,South,Operations,OpEx,123600,115993
2022-04-01,2022,Apr,South,Operations,CapEx,206000,208343
2022-04-01,2022,Apr,South,R&D,OpEx,82400,87785
2022-04-01,2022,Apr,South,R&D,CapEx,154500,142082
2022-04-01,2022,Apr,South,Admin,OpEx,61800,62371
2022-04-01,2022,Apr,East,Sales,Revenue,1751000,1773753
2022-04-01,2022,Apr,East,Sales,COGS,875500,1068239
2022-04-01,2022,Apr,East,Sales,OpEx,87550,117810
2022-04-01,2022,Apr,East,Marketing,OpEx,131325,158538
2022-04-01,2022,Apr,East,Operations,OpEx,105060,122759
2022-04-01,2022,Apr,East,Operations,CapEx,175100,185755
2022-04-01,2022,Apr,East,R&D,OpEx,70040,79652
2022-04-01,2022,Apr,East,R&D,CapEx,131325,126634
2022-04-01,2022,Apr,East,Admin,OpEx,52530,65214
2022-04-01,2022,Apr,West,Sales,Revenue,2163000,2031397
2022-04-01,2022,Apr,West,Sales,COGS,1081500,1017080
2022-04-01,2022,Apr,West,Sales,OpEx,108150,111700
2022-04-01,2022,Apr,West,Marketing,OpEx,162225,154319
2022-04-01,2022,Apr,West,Operations,OpEx,129780,134887
2022-04-01,2022,Apr,West,Operations,CapEx,216300,228830
2022-04-01,2022,Apr,West,R&D,OpEx,86520,82970
2022-04-01,2022,Apr,West,R&D,CapEx,162225,170039
2022-04-01,2022,Apr,West,Admin,OpEx,64890,66229
2022-05-01,2022,May,North,Sales,Revenue,2496000,2598593
2022-05-01,2022,May,North,Sales,COGS,1248000,1366360
2022-05-01,2022,May,North,Sales,OpEx,124800,123269
2022-05-01,2022,May,North,Marketing,OpEx,187200,180145
2022-05-01,2022,May,North,Operations,OpEx,149760,143099
2022-05-01,2022,May,North,Operations,CapEx,249600,239419
2022-05-01,2022,May,North,R&D,OpEx,99840,99455
2022-05-01,2022,May,North,R&D,CapEx,187200,190393
2022-05-01,2022,May,North,Admin,OpEx,74880,75916
2022-05-01,2022,May,South,Sales,Revenue,2080000,2166027
2022-05-01,2022,May,South,Sales,COGS,1040000,1040676
2022-05-01,2022,May,South,Sales,OpEx,104000,111558
2022-05-01,2022,May,South,Marketing,OpEx,156000,153936
2022-05-01,2022,May,South,Operations,OpEx,124800,141774
2022-05-01,2022,May,South,Operations,CapEx,208000,214507
2022-05-01,2022,May,South,R&D,OpEx,83200,79634
2022-05-01,2022,May,South,R&D,CapEx,156000,147647
2022-05-01,2022,May,South,Admin,OpEx,62400,63905
2022-05-01,2022,May,East,Sales,Revenue,1768000,1748246
2022-05-01,2022,May,East,Sales,COGS,884000,1027690
2022-05-01,2022,May,East,Sales,OpEx,88400,111981
2022-05-01,2022,May,East,Marketing,OpEx,132600,175210
2022-05-01,2022,May,East,Operations,OpEx,106080,122510
2022-05-01,2022,May,East,Operations,CapEx,176800,183669
2022-05-01,2022,May,East,R&D,OpEx,70720,79313
2022-05-01,2022,May,East,R&D,CapEx,132600,138278
2022-05-01,2022,May,East,Admin,OpEx,53040,67631
2022-05-01,2022,May,West,Sales,Revenue,2184000,2194099
2022-05-01,2022,May,West,Sales,COGS,1092000,1043741
2022-05-01,2022,May,West,Sales,OpEx,109200,110039
2022-05-01,2022,May,West,Marketing,OpEx,163800,164277
2022-05-01,2022,May,West,Operations,OpEx,131040,123551
2022-05-01,2022,May,West,Operations,CapEx,218400,222307
2022-05-01,2022,May,West,R&D,OpEx,87360,89810
2022-05-01,2022,May,West,R&D,CapEx,163800,172670
2022-05-01,2022,May,West,Admin,OpEx,65520,68972
2022-06-01,2022,Jun,North,Sales,Revenue,2520000,2346414
2022-06-01,2022,Jun,North,Sales,COGS,1260000,1200917
2022-06-01,2022,Jun,North,Sales,OpEx,126000,129245
2022-06-01,2022,Jun,North,Marketing,OpEx,189000,193855
2022-06-01,2022,Jun,North,Operations,OpEx,151200,155094
2022-06-01,2022,Jun,North,Operations,CapEx,252000,618763
2022-06-01,2022,Jun,North,R&D,OpEx,100800,107508
2022-06-01,2022,Jun,North,R&D,CapEx,189000,407993
2022-06-01,2022,Jun,North,Admin,OpEx,75600,74408
2022-06-01,2022,Jun,South,Sales,Revenue,2100000,2179692
2022-06-01,2022,Jun,South,Sales,COGS,1050000,1009427
2022-06-01,2022,Jun,South,Sales,OpEx,105000,103757
2022-06-01,2022,Jun,South,Marketing,OpEx,157500,153678
2022-06-01,2022,Jun,South,Operations,OpEx,126000,126516
2022-06-01,2022,Jun,South,Operations,CapEx,210000,398452
2022-06-01,2022,Jun,South,R&D,OpEx,84000,76157
2022-06-01,2022,Jun,South,R&D,CapEx,157500,235386
2022-06-01,2022,Jun,South,Admin,OpEx,63000,63253
2022-06-01,2022,Jun,East,Sales,Revenue,1785000,1742880
2022-06-01,2022,Jun,East,Sales,COGS,892500,1073158
2022-06-01,2022,Jun,East,Sales,OpEx,89250,111081
2022-06-01,2022,Jun,East,Marketing,OpEx,133875,164332
2022-06-01,2022,Jun,East,Operations,OpEx,107100,146508
2022-06-01,2022,Jun,East,Operations,CapEx,178500,391516
2022-06-01,2022,Jun,East,R&D,OpEx,71400,83721
2022-06-01,2022,Jun,East,R&D,CapEx,133875,281417
2022-06-01,2022,Jun,East,Admin,OpEx,53550,59300
2022-06-01,2022,Jun,West,Sales,Revenue,2205000,2020978
2022-06-01,2022,Jun,West,Sales,COGS,1102500,1130337
2022-06-01,2022,Jun,West,Sales,OpEx,110250,115022
2022-06-01,2022,Jun,West,Marketing,OpEx,165375,155450
2022-06-01,2022,Jun,West,Operations,OpEx,132300,130087
2022-06-01,2022,Jun,West,Operations,CapEx,220500,405656
2022-06-01,2022,Jun,West,R&D,OpEx,88200,85319
2022-06-01,2022,Jun,West,R&D,CapEx,165375,293726
2022-06-01,2022,Jun,West,Admin,OpEx,66150,70339
2022-07-01,2022,Jul,North,Sales,Revenue,2544000,2813938
2022-07-01,2022,Jul,North,Sales,COGS,1272000,1337665
2022-07-01,2022,Jul,North,Sales,OpEx,127200,117537
2022-07-01,2022,Jul,North,Marketing,OpEx,190800,186180
2022-07-01,2022,Jul,North,Operations,OpEx,152640,162309
2022-07-01,2022,Jul,North,Operations,CapEx,254400,245398
2022-07-01,2022,Jul,North,R&D,OpEx,101760,104018
2022-07-01,2022,Jul,North,R&D,CapEx,190800,198190
2022-07-01,2022,Jul,North,Admin,OpEx,76320,72783
2022-07-01,2022,Jul,South,Sales,Revenue,2120000,2113690
2022-07-01,2022,Jul,South,Sales,COGS,1060000,888213
2022-07-01,2022,Jul,South,Sales,OpEx,106000,100571
2022-07-01,2022,Jul,South,Marketing,OpEx,159000,156992
2022-07-01,2022,Jul,South,Operations,OpEx,127200,119264
2022-07-01,2022,Jul,South,Operations,CapEx,212000,229304
2022-07-01,2022,Jul,South,R&D,OpEx,84800,78736
2022-07-01,2022,Jul,South,R&D,CapEx,159000,155502
2022-07-01,2022,Jul,South,Admin,OpEx,63600,64016
2022-07-01,2022,Jul,East,Sales,Revenue,1802000,1931859
2022-07-01,2022,Jul,East,Sales,COGS,901000,1003997
2022-07-01,2022,Jul,East,Sales,OpEx,90100,105352
2022-07-01,2022,Jul,East,Marketing,OpEx,135150,159849
2022-07-01,2022,Jul,East,Operations,OpEx,108120,129899
2022-07-01,2022,Jul,East,Operations,CapEx,180200,180749
2022-07-01,2022,Jul,East,R&D,OpEx,72080,85690
2022-07-01,2022,Jul,East,R&D,CapEx,135150,139624
2022-07-01,2022,Jul,East,Admin,OpEx,54060,63259
2022-07-01,2022,Jul,West,Sales,Revenue,2226000,2460990
2022-07-01,2022,Jul,West,Sales,COGS,1113000,1104553
2022-07-01,2022,Jul,West,Sales,OpEx,111300,114574
2022-07-01,2022,Jul,West,Marketing,OpEx,166950,169296
2022-07-01,2022,Jul,West,Operations,OpEx,133560,129402
2022-07-01,2022,Jul,West,Operations,CapEx,222600,220284
2022-07-01,2022,Jul,West,R&D,OpEx,89040,86845
2022-07-01,2022,Jul,West,R&D,CapEx,166950,162030
2022-07-01,2022,Jul,West,Admin,OpEx,66780,69617
2022-08-01,2022,Aug,North,Sales,Revenue,2568000,2613841
2022-08-01,2022,Aug,North,Sales,COGS,1284000,1239515
2022-08-01,2022,Aug,North,Sales,OpEx,128400,134175
2022-08-01,2022,Aug,North,Marketing,OpEx,192600,195559
2022-08-01,2022,Aug,North,Operations,OpEx,154080,160342
2022-08-01,2022,Aug,North,Operations,CapEx,256800,264884
2022-08-01,2022,Aug,North,R&D,OpEx,102720,98462
2022-08-01,2022,Aug,North,R&D,CapEx,192600,187205
2022-08-01,2022,Aug,North,Admin,OpEx,77040,79919
2022-08-01,2022,Aug,South,Sales,Revenue,2140000,2205310
2022-08-01,2022,Aug,South,Sales,COGS,1070000,1068882
2022-08-01,2022,Aug,South,Sales,OpEx,107000,107628
2022-08-01,2022,Aug,South,Marketing,OpEx,160500,170753
2022-08-01,2022,Aug,South,Operations,OpEx,128400,124602
2022-08-01,2022,Aug,South,Operations,CapEx,214000,219854
2022-08-01,2022,Aug,South,R&D,OpEx,85600,84735
2022-08-01,2022,Aug,South,R&D,CapEx,160500,158753
2022-08-01,2022,Aug,South,Admin,OpEx,64200,67727
2022-08-01,2022,Aug,East,Sales,Revenue,1819000,1894072
2022-08-01,2022,Aug,East,Sales,COGS,909500,1075691
2022-08-01,2022,Aug,East,Sales,OpEx,90950,113960
2022-08-01,2022,Aug,East,Marketing,OpEx,136425,167219
2022-08-01,2022,Aug,East,Operations,OpEx,109140,120962
2022-08-01,2022,Aug,East,Operations,CapEx,181900,189667
2022-08-01,2022,Aug,East,R&D,OpEx,72760,94058
2022-08-01,2022,Aug,East,R&D,CapEx,136425,135537
2022-08-01,2022,Aug,East,Admin,OpEx,54570,71252
2022-08-01,2022,Aug,West,Sales,Revenue,2247000,2366678
2022-08-01,2022,Aug,West,Sales,COGS,1123500,1066987
2022-08-01,2022,Aug,West,Sales,OpEx,112350,105529
2022-08-01,2022,Aug,West,Marketing,OpEx,168525,178284
2022-08-01,2022,Aug,West,Operations,OpEx,134820,140157
2022-08-01,2022,Aug,West,Operations,CapEx,224700,231712
2022-08-01,2022,Aug,West,R&D,OpEx,89880,92704
2022-08-01,2022,Aug,West,R&D,CapEx,168525,168422
2022-08-01,2022,Aug,West,Admin,OpEx,67410,64386
2022-09-01,2022,Sep,North,Sales,Revenue,2592000,2601824
2022-09-01,2022,Sep,North,Sales,COGS,1296000,1252120
2022-09-01,2022,Sep,North,Sales,OpEx,129600,135919
2022-09-01,2022,Sep,North,Marketing,OpEx,194400,192971
2022-09-01,2022,Sep,North,Operations,OpEx,155520,149101
2022-09-01,2022,Sep,North,Operations,CapEx,259200,408080
2022-09-01,2022,Sep,North,R&D,OpEx,103680,106862
2022-09-01,2022,Sep,North,R&D,CapEx,194400,326093
2022-09-01,2022,Sep,North,Admin,OpEx,77760,78712
2022-09-01,2022,Sep,South,Sales,Revenue,2160000,2105250
2022-09-01,2022,Sep,South,Sales,COGS,1080000,1054564
2022-09-01,2022,Sep,South,Sales,OpEx,108000,109253
2022-09-01,2022,Sep,South,Marketing,OpEx,162000,150271
2022-09-01,2022,Sep,South,Operations,OpEx,129600,120480
2022-09-01,2022,Sep,South,Operations,CapEx,216000,425645
2022-09-01,2022,Sep,South,R&D,OpEx,86400,85478
2022-09-01,2022,Sep,South,R&D,CapEx,162000,310562
2022-09-01,2022,Sep,South,Admin,OpEx,64800,69887
2022-09-01,2022,Sep,East,Sales,Revenue,1836000,1834254
2022-09-01,2022,Sep,East,Sales,COGS,918000,978206
2022-09-01,2022,Sep,East,Sales,OpEx,91800,100994
2022-09-01,2022,Sep,East,Marketing,OpEx,137700,156435
2022-09-01,2022,Sep,East,Operations,OpEx,110160,142157
2022-09-01,2022,Sep,East,Operations,CapEx,183600,414439
2022-09-01,2022,Sep,East,R&D,OpEx,73440,85776
2022-09-01,2022,Sep,East,R&D,CapEx,137700,218475
2022-09-01,2022,Sep,East,Admin,OpEx,55080,70686
2022-09-01,2022,Sep,West,Sales,Revenue,2268000,2379529
2022-09-01,2022,Sep,West,Sales,COGS,1134000,1139538
2022-09-01,2022,Sep,West,Sales,OpEx,113400,109017
2022-09-01,2022,Sep,West,Marketing,OpEx,170100,170308
2022-09-01,2022,Sep,West,Operations,OpEx,136080,139468
2022-09-01,2022,Sep,West,Operations,CapEx,226800,442283
2022-09-01,2022,Sep,West,R&D,OpEx,90720,95071
2022-09-01,2022,Sep,West,R&D,CapEx,170100,384205
2022-09-01,2022,Sep,West,Admin,OpEx,68040,74218
2022-10-01,2022,Oct,North,Sales,Revenue,2616000,3628033
2022-10-01,2022,Oct,North,Sales,COGS,1308000,1255137
2022-10-01,2022,Oct,North,Sales,OpEx,130800,125308
2022-10-01,2022,Oct,North,Marketing,OpEx,196200,256932
2022-10-01,2022,Oct,North,Operations,OpEx,156960,140292
2022-10-01,2022,Oct,North,Operations,CapEx,261600,254723
2022-10-01,2022,Oct,North,R&D,OpEx,104640,100668
2022-10-01,2022,Oct,North,R&D,CapEx,196200,197675
2022-10-01,2022,Oct,North,Admin,OpEx,78480,79821
2022-10-01,2022,Oct,South,Sales,Revenue,2180000,2980628
2022-10-01,2022,Oct,South,Sales,COGS,1090000,1141798
2022-10-01,2022,Oct,South,Sales,OpEx,109000,105856
2022-10-01,2022,Oct,South,Marketing,OpEx,163500,210810
2022-10-01,2022,Oct,South,Operations,OpEx,130800,134017
2022-10-01,2022,Oct,South,Operations,CapEx,218000,203609
2022-10-01,2022,Oct,South,R&D,OpEx,87200,95185
2022-10-01,2022,Oct,South,R&D,CapEx,163500,173142
2022-10-01,2022,Oct,South,Admin,OpEx,65400,63866
2022-10-01,2022,Oct,East,Sales,Revenue,1853000,2117848
2022-10-01,2022,Oct,East,Sales,COGS,926500,1261437
2022-10-01,2022,Oct,East,Sales,OpEx,92650,112242
2022-10-01,2022,Oct,East,Marketing,OpEx,138975,225684
2022-10-01,2022,Oct,East,Operations,OpEx,111180,139144
2022-10-01,2022,Oct,East,Operations,CapEx,185300,184786
2022-10-01,2022,Oct,East,R&D,OpEx,74120,92158
2022-10-01,2022,Oct,East,R&D,CapEx,138975,139301
2022-10-01,2022,Oct,East,Admin,OpEx,55590,62417
2022-10-01,2022,Oct,West,Sales,Revenue,2289000,2632475
2022-10-01,2022,Oct,West,Sales,COGS,1144500,1151384
2022-10-01,2022,Oct,West,Sales,OpEx,114450,117394
2022-10-01,2022,Oct,West,Marketing,OpEx,171675,240007
2022-10-01,2022,Oct,West,Operations,OpEx,137340,129617
2022-10-01,2022,Oct,West,Operations,CapEx,228900,211342
2022-10-01,2022,Oct,West,R&D,OpEx,91560,97409
2022-10-01,2022,Oct,West,R&D,CapEx,171675,174528
2022-10-01,2022,Oct,West,Admin,OpEx,68670,66100
2022-11-01,2022,Nov,North,Sales,Revenue,2640000,3555940
2022-11-01,2022,Nov,North,Sales,COGS,1320000,1327635
2022-11-01,2022,Nov,North,Sales,OpEx,132000,139783
2022-11-01,2022,Nov,North,Marketing,OpEx,198000,268202
2022-11-01,2022,Nov,North,Operations,OpEx,158400,174721
2022-11-01,2022,Nov,North,Operations,CapEx,264000,287170
2022-11-01,2022,Nov,North,R&D,OpEx,105600,104285
2022-11-01,2022,Nov,North,R&D,CapEx,198000,207619
2022-11-01,2022,Nov,North,Admin,OpEx,79200,81756
2022-11-01,2022,Nov,South,Sales,Revenue,2200000,2938187
2022-11-01,2022,Nov,South,Sales,COGS,1100000,1046929
2022-11-01,2022,Nov,South,Sales,OpEx,110000,113773
2022-11-01,2022,Nov,South,Marketing,OpEx,165000,234538
2022-11-01,2022,Nov,South,Operations,OpEx,132000,120392
2022-11-01,2022,Nov,South,Operations,CapEx,220000,206984
2022-11-01,2022,Nov,South,R&D,OpEx,88000,79027
2022-11-01,2022,Nov,South,R&D,CapEx,165000,162777
2022-11-01,2022,Nov,South,Admin,OpEx,66000,68368
2022-11-01,2022,Nov,East,Sales,Revenue,1870000,2513088
2022-11-01,2022,Nov,East,Sales,COGS,935000,1110622
2022-11-01,2022,Nov,East,Sales,OpEx,93500,124761
2022-11-01,2022,Nov,East,Marketing,OpEx,140250,220093
2022-11-01,2022,Nov,East,Operations,OpEx,112200,130204
2022-11-01,2022,Nov,East,Operations,CapEx,187000,194446
2022-11-01,2022,Nov,East,R&D,OpEx,74800,91394
2022-11-01,2022,Nov,East,R&D,CapEx,140250,140021
2022-11-01,2022,Nov,East,Admin,OpEx,56100,68636
2022-11-01,2022,Nov,West,Sales,Revenue,2310000,2679427
2022-11-01,2022,Nov,West,Sales,COGS,1155000,1176171
2022-11-01,2022,Nov,West,Sales,OpEx,115500,110072
2022-11-01,2022,Nov,West,Marketing,OpEx,173250,227878
2022-11-01,2022,Nov,West,Operations,OpEx,138600,131260
2022-11-01,2022,Nov,West,Operations,CapEx,231000,230276
2022-11-01,2022,Nov,West,R&D,OpEx,92400,96813
2022-11-01,2022,Nov,West,R&D,CapEx,173250,164711
2022-11-01,2022,Nov,West,Admin,OpEx,69300,71047
2022-12-01,2022,Dec,North,Sales,Revenue,2664000,3241712
2022-12-01,2022,Dec,North,Sales,COGS,1332000,1279195
2022-12-01,2022,Dec,North,Sales,OpEx,133200,132487
2022-12-01,2022,Dec,North,Marketing,OpEx,199800,255768
2022-12-01,2022,Dec,North,Operations,OpEx,159840,155415
2022-12-01,2022,Dec,North,Operations,CapEx,266400,463921
2022-12-01,2022,Dec,North,R&D,OpEx,106560,106017
2022-12-01,2022,Dec,North,R&D,CapEx,199800,412372
2022-12-01,2022,Dec,North,Admin,OpEx,79920,77124
2022-12-01,2022,Dec,South,Sales,Revenue,2220000,2804690
2022-12-01,2022,Dec,South,Sales,COGS,1110000,1103766
2022-12-01,2022,Dec,South,Sales,OpEx,111000,109774
2022-12-01,2022,Dec,South,Marketing,OpEx,166500,231677
2022-12-01,2022,Dec,South,Operations,OpEx,133200,138245
2022-12-01,2022,Dec,South,Operations,CapEx,222000,380211
2022-12-01,2022,Dec,South,R&D,OpEx,88800,86243
2022-12-01,2022,Dec,South,R&D,CapEx,166500,327498
2022-12-01,2022,Dec,South,Admin,OpEx,66600,65565
2022-12-01,2022,Dec,East,Sales,Revenue,1887000,2552753
2022-12-01,2022,Dec,East,Sales,COGS,943500,1049031
2022-12-01,2022,Dec,East,Sales,OpEx,94350,124260
2022-12-01,2022,Dec,East,Marketing,OpEx,141525,218285
2022-12-01,2022,Dec,East,Operations,OpEx,113220,128353
2022-12-01,2022,Dec,East,Operations,CapEx,188700,354808
2022-12-01,2022,Dec,East,R&D,OpEx,75480,85483
2022-12-01,2022,Dec,East,R&D,CapEx,141525,204585
2022-12-01,2022,Dec,East,Admin,OpEx,56610,62848
2022-12-01,2022,Dec,West,Sales,Revenue,2331000,2818416
2022-12-01,2022,Dec,West,Sales,COGS,1165500,1263818
2022-12-01,2022,Dec,West,Sales,OpEx,116550,121688
2022-12-01,2022,Dec,West,Marketing,OpEx,174825,235920
2022-12-01,2022,Dec,West,Operations,OpEx,139860,150209
2022-12-01,2022,Dec,West,Operations,CapEx,233100,447128
2022-12-01,2022,Dec,West,R&D,OpEx,93240,89225
2022-12-01,2022,Dec,West,R&D,CapEx,174825,271731
2022-12-01,2022,Dec,West,Admin,OpEx,69930,75462
2023-01-01,2023,Jan,North,Sales,Revenue,2592000,2230668
2023-01-01,2023,Jan,North,Sales,COGS,1296000,1206395
2023-01-01,2023,Jan,North,Sales,OpEx,129600,135602
2023-01-01,2023,Jan,North,Marketing,OpEx,194400,212960
2023-01-01,2023,Jan,North,Operations,OpEx,155520,144645
2023-01-01,2023,Jan,North,Operations,CapEx,259200,266496
2023-01-01,2023,Jan,North,R&D,OpEx,103680,100307
2023-01-01,2023,Jan,North,R&D,CapEx,194400,189665
2023-01-01,2023,Jan,North,Admin,OpEx,77760,75457
2023-01-01,2023,Jan,South,Sales,Revenue,2160000,1860020
2023-01-01,2023,Jan,South,Sales,COGS,1080000,1082620
2023-01-01,2023,Jan,South,Sales,OpEx,108000,103513
2023-01-01,2023,Jan,South,Marketing,OpEx,162000,164191
2023-01-01,2023,Jan,South,Operations,OpEx,129600,129274
2023-01-01,2023,Jan,South,Operations,CapEx,216000,213419
2023-01-01,2023,Jan,South,R&D,OpEx,86400,82479
2023-01-01,2023,Jan,South,R&D,CapEx,162000,157328
2023-01-01,2023,Jan,South,Admin,OpEx,64800,67247
2023-01-01,2023,Jan,East,Sales,Revenue,1836000,1693786
2023-01-01,2023,Jan,East,Sales,COGS,918000,1107740
2023-01-01,2023,Jan,East,Sales,OpEx,91800,117853
2023-01-01,2023,Jan,East,Marketing,OpEx,137700,185040
2023-01-01,2023,Jan,East,Operations,OpEx,110160,127183
2023-01-01,2023,Jan,East,Operations,CapEx,183600,174401
2023-01-01,2023,Jan,East,R&D,OpEx,73440,76799
2023-01-01,2023,Jan,East,R&D,CapEx,137700,138031
2023-01-01,2023,Jan,East,Admin,OpEx,55080,61720
2023-01-01,2023,Jan,West,Sales,Revenue,2268000,2122617
2023-01-01,2023,Jan,West,Sales,COGS,1134000,1130253
2023-01-01,2023,Jan,West,Sales,OpEx,113400,106534
2023-01-01,2023,Jan,West,Marketing,OpEx,170100,164556
2023-01-01,2023,Jan,West,Operations,OpEx,136080,136403
2023-01-01,2023,Jan,West,Operations,CapEx,226800,217043
2023-01-01,2023,Jan,West,R&D,OpEx,90720,88976
2023-01-01,2023,Jan,West,R&D,CapEx,170100,178659
2023-01-01,2023,Jan,West,Admin,OpEx,68040,66077
2023-02-01,2023,Feb,North,Sales,Revenue,2617920,2454578
2023-02-01,2023,Feb,North,Sales,COGS,1308960,1235023
2023-02-01,2023,Feb,North,Sales,OpEx,130896,134363
2023-02-01,2023,Feb,North,Marketing,OpEx,196344,210496
2023-02-01,2023,Feb,North,Operations,OpEx,157075,137663
2023-02-01,2023,Feb,North,Operations,CapEx,261792,251361
2023-02-01,2023,Feb,North,R&D,OpEx,104717,107738
2023-02-01,2023,Feb,North,R&D,CapEx,196344,194351
2023-02-01,2023,Feb,North,Admin,OpEx,78538,79995
2023-02-01,2023,Feb,South,Sales,Revenue,2181600,1904146
2023-02-01,2023,Feb,South,Sales,COGS,1090800,1095523
2023-02-01,2023,Feb,South,Sales,OpEx,109080,108231
2023-02-01,2023,Feb,South,Marketing,OpEx,163620,173174
2023-02-01,2023,Feb,South,Operations,OpEx,130896,132561
2023-02-01,2023,Feb,South,Operations,CapEx,218160,221843
2023-02-01,2023,Feb,South,R&D,OpEx,87264,85467
2023-02-01,2023,Feb,South,R&D,CapEx,163620,159631
2023-02-01,2023,Feb,South,Admin,OpEx,65448,64032
2023-02-01,2023,Feb,East,Sales,Revenue,1854360,1701840
2023-02-01,2023,Feb,East,Sales,COGS,927180,1113187
2023-02-01,2023,Feb,East,Sales,OpEx,92718,103956
2023-02-01,2023,Feb,East,Marketing,OpEx,139077,167466
2023-02-01,2023,Feb,East,Operations,OpEx,111262,129681
2023-02-01,2023,Feb,East,Operations,CapEx,185436,197499
2023-02-01,2023,Feb,East,R&D,OpEx,74174,83347
2023-02-01,2023,Feb,East,R&D,CapEx,139077,136633
2023-02-01,2023,Feb,East,Admin,OpEx,55631,64758
2023-02-01,2023,Feb,West,Sales,Revenue,2290680,2063267
2023-02-01,2023,Feb,West,Sales,COGS,1145340,1192838
2023-02-01,2023,Feb,West,Sales,OpEx,114534,101871
2023-02-01,2023,Feb,West,Marketing,OpEx,171801,173825
2023-02-01,2023,Feb,West,Operations,OpEx,137441,142738
2023-02-01,2023,Feb,West,Operations,CapEx,229068,212133
2023-02-01,2023,Feb,West,R&D,OpEx,91627,96867
2023-02-01,2023,Feb,West,R&D,CapEx,171801,174709
2023-02-01,2023,Feb,West,Admin,OpEx,68720,67293
2023-03-01,2023,Mar,North,Sales,Revenue,2643840,2727489
2023-03-01,2023,Mar,North,Sales,COGS,1321920,1472004
2023-03-01,2023,Mar,North,Sales,OpEx,132192,133394
2023-03-01,2023,Mar,North,Marketing,OpEx,198288,200749
2023-03-01,2023,Mar,North,Operations,OpEx,158630,154987
2023-03-01,2023,Mar,North,Operations,CapEx,264384,423758
2023-03-01,2023,Mar,North,R&D,OpEx,105754,113737
2023-03-01,2023,Mar,North,R&D,CapEx,198288,427554
2023-03-01,2023,Mar,North,Admin,OpEx,79315,83430
2023-03-01,2023,Mar,South,Sales,Revenue,2203200,2147017
2023-03-01,2023,Mar,South,Sales,COGS,1101600,1086735
2023-03-01,2023,Mar,South,Sales,OpEx,110160,104769
2023-03-01,2023,Mar,South,Marketing,OpEx,165240,161569
2023-03-01,2023,Mar,South,Operations,OpEx,132192,134686
2023-03-01,2023,Mar,South,Operations,CapEx,220320,458238
2023-03-01,2023,Mar,South,R&D,OpEx,88128,84065
2023-03-01,2023,Mar,South,R&D,CapEx,165240,332161
2023-03-01,2023,Mar,South,Admin,OpEx,66096,69429
2023-03-01,2023,Mar,East,Sales,Revenue,1872720,1800265
2023-03-01,2023,Mar,East,Sales,COGS,936360,1008972
2023-03-01,2023,Mar,East,Sales,OpEx,93636,111824
2023-03-01,2023,Mar,East,Marketing,OpEx,140454,174697
2023-03-01,2023,Mar,East,Operations,OpEx,112363,138075
2023-03-01,2023,Mar,East,Operations,CapEx,187272,320726
2023-03-01,2023,Mar,East,R&D,OpEx,74909,103416
2023-03-01,2023,Mar,East,R&D,CapEx,140454,288485
2023-03-01,2023,Mar,East,Admin,OpEx,56182,69233
2023-03-01,2023,Mar,West,Sales,Revenue,2313360,2181527
2023-03-01,2023,Mar,West,Sales,COGS,1156680,1248820
2023-03-01,2023,Mar,West,Sales,OpEx,115668,112711
2023-03-01,2023,Mar,West,Marketing,OpEx,173502,164917
2023-03-01,2023,Mar,West,Operations,OpEx,138802,137929
2023-03-01,2023,Mar,West,Operations,CapEx,231336,443986
2023-03-01,2023,Mar,West,R&D,OpEx,92534,97597
2023-03-01,2023,Mar,West,R&D,CapEx,173502,292114
2023-03-01,2023,Mar,West,Admin,OpEx,69401,68938
2023-04-01,2023,Apr,North,Sales,Revenue,2669760,2534656
2023-04-01,2023,Apr,North,Sales,COGS,1334880,1224428
2023-04-01,2023,Apr,North,Sales,OpEx,133488,138982
2023-04-01,2023,Apr,North,Marketing,OpEx,200232,200966
2023-04-01,2023,Apr,North,Operations,OpEx,160186,149854
2023-04-01,2023,Apr,North,Operations,CapEx,266976,249688
2023-04-01,2023,Apr,North,R&D,OpEx,106790,104997
2023-04-01,2023,Apr,North,R&D,CapEx,200232,216942
2023-04-01,2023,Apr,North,Admin,OpEx,80093,79053
2023-04-01,2023,Apr,South,Sales,Revenue,2224800,2057590
2023-04-01,2023,Apr,South,Sales,COGS,1112400,1098732
2023-04-01,2023,Apr,South,Sales,OpEx,111240,109723
2023-04-01,2023,Apr,South,Marketing,OpEx,166860,144360
2023-04-01,2023,Apr,South,Operations,OpEx,133488,133126
2023-04-01,2023,Apr,South,Operations,CapEx,222480,219911
2023-04-01,2023,Apr,South,R&D,OpEx,88992,92090
2023-04-01,2023,Apr,South,R&D,CapEx,166860,182286
2023-04-01,2023,Apr,South,Admin,OpEx,66744,70504
2023-04-01,2023,Apr,East,Sales,Revenue,1891080,1865655
2023-04-01,2023,Apr,East,Sales,COGS,945540,1012612
2023-04-01,2023,Apr,East,Sales,OpEx,94554,114912
2023-04-01,2023,Apr,East,Marketing,OpEx,141831,161642
2023-04-01,2023,Apr,East,Operations,OpEx,113465,137774
2023-04-01,2023,Apr,East,Operations,CapEx,189108,195484
2023-04-01,2023,Apr,East,R&D,OpEx,75643,82720
2023-04-01,2023,Apr,East,R&D,CapEx,141831,137953
2023-04-01,2023,Apr,East,Admin,OpEx,56732,72378
2023-04-01,2023,Apr,West,Sales,Revenue,2336040,2206728
2023-04-01,2023,Apr,West,Sales,COGS,1168020,1153129
2023-04-01,2023,Apr,West,Sales,OpEx,116802,125585
2023-04-01,2023,Apr,West,Marketing,OpEx,175203,151980
2023-04-01,2023,Apr,West,Operations,OpEx,140162,147812
2023-04-01,2023,Apr,West,Operations,CapEx,233604,248159
2023-04-01,2023,Apr,West,R&D,OpEx,93442,83755
2023-04-01,2023,Apr,West,R&D,CapEx,175203,172201
2023-04-01,2023,Apr,West,Admin,OpEx,70081,68780
2023-05-01,2023,May,North,Sales,Revenue,2695680,2505970
2023-05-01,2023,May,North,Sales,COGS,1347840,1295421
2023-05-01,2023,May,North,Sales,OpEx,134784,127300
2023-05-01,2023,May,North,Marketing,OpEx,202176,219889
2023-05-01,2023,May,North,Operations,OpEx,161741,169308
2023-05-01,2023,May,North,Operations,CapEx,269568,286707
2023-05-01,2023,May,North,R&D,OpEx,107827,111718
2023-05-01,2023,May,North,R&D,CapEx,202176,190763
2023-05-01,2023,May,North,Admin,OpEx,80870,78749
2023-05-01,2023,May,South,Sales,Revenue,2246400,2301367
2023-05-01,2023,May,South,Sales,COGS,1123200,1054565
2023-05-01,2023,May,South,Sales,OpEx,112320,116324
2023-05-01,2023,May,South,Marketing,OpEx,168480,166455
2023-05-01,2023,May,South,Operations,OpEx,134784,132258
2023-05-01,2023,May,South,Operations,CapEx,224640,232626
2023-05-01,2023,May,South,R&D,OpEx,89856,91852
2023-05-01,2023,May,South,R&D,CapEx,168480,165439
2023-05-01,2023,May,South,Admin,OpEx,67392,71298
2023-05-01,2023,May,East,Sales,Revenue,1909440,1806229
2023-05-01,2023,May,East,Sales,COGS,954720,1148376
2023-05-01,2023,May,East,Sales,OpEx,95472,110499
2023-05-01,2023,May,East,Marketing,OpEx,143208,194928
2023-05-01,2023,May,East,Operations,OpEx,114566,126877
2023-05-01,2023,May,East,Operations,CapEx,190944,183151
2023-05-01,2023,May,East,R&D,OpEx,76378,85919
2023-05-01,2023,May,East,R&D,CapEx,143208,147547
2023-05-01,2023,May,East,Admin,OpEx,57283,72403
2023-05-01,2023,May,West,Sales,Revenue,2358720,2102813
2023-05-01,2023,May,West,Sales,COGS,1179360,1191803
2023-05-01,2023,May,West,Sales,OpEx,117936,117366
2023-05-01,2023,May,West,Marketing,OpEx,176904,172084
2023-05-01,2023,May,West,Operations,OpEx,141523,144348
2023-05-01,2023,May,West,Operations,CapEx,235872,235428
2023-05-01,2023,May,West,R&D,OpEx,94349,99554
2023-05-01,2023,May,West,R&D,CapEx,176904,177914
2023-05-01,2023,May,West,Admin,OpEx,70762,71293
2023-06-01,2023,Jun,North,Sales,Revenue,2721600,2672120
2023-06-01,2023,Jun,North,Sales,COGS,1360800,1356925
2023-06-01,2023,Jun,North,Sales,OpEx,136080,138174
2023-06-01,2023,Jun,North,Marketing,OpEx,204120,186666
2023-06-01,2023,Jun,North,Operations,OpEx,163296,152288
2023-06-01,2023,Jun,North,Operations,CapEx,272160,450947
2023-06-01,2023,Jun,North,R&D,OpEx,108864,101851
2023-06-01,2023,Jun,North,R&D,CapEx,204120,346828
2023-06-01,2023,Jun,North,Admin,OpEx,81648,82448
2023-06-01,2023,Jun,South,Sales,Revenue,2268000,2157053
2023-06-01,2023,Jun,South,Sales,COGS,1134000,1157148
2023-06-01,2023,Jun,South,Sales,OpEx,113400,103746
2023-06-01,2023,Jun,South,Marketing,OpEx,170100,178853
2023-06-01,2023,Jun,South,Operations,OpEx,136080,139296
2023-06-01,2023,Jun,South,Operations,CapEx,226800,441114
2023-06-01,2023,Jun,South,R&D,OpEx,90720,95177
2023-06-01,2023,Jun,South,R&D,CapEx,170100,345759
2023-06-01,2023,Jun,South,Admin,OpEx,68040,69776
2023-06-01,2023,Jun,East,Sales,Revenue,1927800,1750358
2023-06-01,2023,Jun,East,Sales,COGS,963900,1085408
2023-06-01,2023,Jun,East,Sales,OpEx,96390,115218
2023-06-01,2023,Jun,East,Marketing,OpEx,144585,169275
2023-06-01,2023,Jun,East,Operations,OpEx,115668,125757
2023-06-01,2023,Jun,East,Operations,CapEx,192780,370784
2023-06-01,2023,Jun,East,R&D,OpEx,77112,94886
2023-06-01,2023,Jun,East,R&D,CapEx,144585,259142
2023-06-01,2023,Jun,East,Admin,OpEx,57834,67081
2023-06-01,2023,Jun,West,Sales,Revenue,2381400,2402718
2023-06-01,2023,Jun,West,Sales,COGS,1190700,1156429
2023-06-01,2023,Jun,West,Sales,OpEx,119070,119796
2023-06-01,2023,Jun,West,Marketing,OpEx,178605,201467
2023-06-01,2023,Jun,West,Operations,OpEx,142884,142198
2023-06-01,2023,Jun,West,Operations,CapEx,238140,396527
2023-06-01,2023,Jun,West,R&D,OpEx,95256,91907
2023-06-01,2023,Jun,West,R&D,CapEx,178605,332822
2023-06-01,2023,Jun,West,Admin,OpEx,71442,70246
2023-07-01,2023,Jul,North,Sales,Revenue,2747520,2661390
2023-07-01,2023,Jul,North,Sales,COGS,1373760,1498253
2023-07-01,2023,Jul,North,Sales,OpEx,137376,142237
2023-07-01,2023,Jul,North,Marketing,OpEx,206064,200269
2023-07-01,2023,Jul,North,Operations,OpEx,164851,170064
2023-07-01,2023,Jul,North,Operations,CapEx,274752,288113
2023-07-01,2023,Jul,North,R&D,OpEx,109901,113318
2023-07-01,2023,Jul,North,R&D,CapEx,206064,189886
2023-07-01,2023,Jul,North,Admin,OpEx,82426,79429
2023-07-01,2023,Jul,South,Sales,Revenue,2289600,2261264
2023-07-01,2023,Jul,South,Sales,COGS,1144800,1140539
2023-07-01,2023,Jul,South,Sales,OpEx,114480,118033
2023-07-01,2023,Jul,South,Marketing,OpEx,171720,173246
2023-07-01,2023,Jul,South,Operations,OpEx,137376,128204
2023-07-01,2023,Jul,South,Operations,CapEx,228960,233313
2023-07-01,2023,Jul,South,R&D,OpEx,91584,94380
2023-07-01,2023,Jul,South,R&D,CapEx,171720,176526
2023-07-01,2023,Jul,South,Admin,OpEx,68688,72400
2023-07-01,2023,Jul,East,Sales,Revenue,1946160,2027307
2023-07-01,2023,Jul,East,Sales,COGS,973080,1154635
2023-07-01,2023,Jul,East,Sales,OpEx,97308,114870
2023-07-01,2023,Jul,East,Marketing,OpEx,145962,184988
2023-07-01,2023,Jul,East,Operations,OpEx,116770,136794
2023-07-01,2023,Jul,East,Operations,CapEx,194616,195918
2023-07-01,2023,Jul,East,R&D,OpEx,77846,93367
2023-07-01,2023,Jul,East,R&D,CapEx,145962,153648
2023-07-01,2023,Jul,East,Admin,OpEx,58385,77417
2023-07-01,2023,Jul,West,Sales,Revenue,2404080,2394414
2023-07-01,2023,Jul,West,Sales,COGS,1202040,1258433
2023-07-01,2023,Jul,West,Sales,OpEx,120204,117102
2023-07-01,2023,Jul,West,Marketing,OpEx,180306,181173
2023-07-01,2023,Jul,West,Operations,OpEx,144245,140911
2023-07-01,2023,Jul,West,Operations,CapEx,240408,235185
2023-07-01,2023,Jul,West,R&D,OpEx,96163,94677
2023-07-01,2023,Jul,West,R&D,CapEx,180306,182309
2023-07-01,2023,Jul,West,Admin,OpEx,72122,70396
2023-08-01,2023,Aug,North,Sales,Revenue,2773440,2947578
2023-08-01,2023,Aug,North,Sales,COGS,1386720,1324692
2023-08-01,2023,Aug,North,Sales,OpEx,138672,137376
2023-08-01,2023,Aug,North,Marketing,OpEx,208008,203435
2023-08-01,2023,Aug,North,Operations,OpEx,166406,178446
2023-08-01,2023,Aug,North,Operations,CapEx,277344,280070
2023-08-01,2023,Aug,North,R&D,OpEx,110938,116661
2023-08-01,2023,Aug,North,R&D,CapEx,208008,192558
2023-08-01,2023,Aug,North,Admin,OpEx,83203,84314
2023-08-01,2023,Aug,South,Sales,Revenue,2311200,2414006
2023-08-01,2023,Aug,South,Sales,COGS,1155600,1160354
2023-08-01,2023,Aug,South,Sales,OpEx,115560,121716
2023-08-01,2023,Aug,South,Marketing,OpEx,173340,168857
2023-08-01,2023,Aug,South,Operations,OpEx,138672,148444
2023-08-01,2023,Aug,South,Operations,CapEx,231120,257686
2023-08-01,2023,Aug,South,R&D,OpEx,92448,90771
2023-08-01,2023,Aug,South,R&D,CapEx,173340,169479
2023-08-01,2023,Aug,South,Admin,OpEx,69336,74375
2023-08-01,2023,Aug,East,Sales,Revenue,1964520,2119675
2023-08-01,2023,Aug,East,Sales,COGS,982260,1107916
2023-08-01,2023,Aug,East,Sales,OpEx,98226,112807
2023-08-01,2023,Aug,East,Marketing,OpEx,147339,165084
2023-08-01,2023,Aug,East,Operations,OpEx,117871,130830
2023-08-01,2023,Aug,East,Operations,CapEx,196452,184592
2023-08-01,2023,Aug,East,R&D,OpEx,78581,104805
2023-08-01,2023,Aug,East,R&D,CapEx,147339,145763
2023-08-01,2023,Aug,East,Admin,OpEx,58936,75388
2023-08-01,2023,Aug,West,Sales,Revenue,2426760,2346204
2023-08-01,2023,Aug,West,Sales,COGS,1213380,1223478
2023-08-01,2023,Aug,West,Sales,OpEx,121338,124326
2023-08-01,2023,Aug,West,Marketing,OpEx,182007,184639
2023-08-01,2023,Aug,West,Operations,OpEx,145606,163481
2023-08-01,2023,Aug,West,Operations,CapEx,242676,234938
2023-08-01,2023,Aug,West,R&D,OpEx,97070,94493
2023-08-01,2023,Aug,West,R&D,CapEx,182007,176336
2023-08-01,2023,Aug,West,Admin,OpEx,72803,70781
2023-09-01,2023,Sep,North,Sales,Revenue,2799360,2710146
2023-09-01,2023,Sep,North,Sales,COGS,1399680,1482892
2023-09-01,2023,Sep,North,Sales,OpEx,139968,149909
2023-09-01,2023,Sep,North,Marketing,OpEx,209952,203961
2023-09-01,2023,Sep,North,Operations,OpEx,167962,160971
2023-09-01,2023,Sep,North,Operations,CapEx,279936,593436
2023-09-01,2023,Sep,North,R&D,OpEx,111974,108026
2023-09-01,2023,Sep,North,R&D,CapEx,209952,379989
2023-09-01,2023,Sep,North,Admin,OpEx,83981,90479
2023-09-01,2023,Sep,South,Sales,Revenue,2332800,2542271
2023-09-01,2023,Sep,South,Sales,COGS,1166400,1130662
2023-09-01,2023,Sep,South,Sales,OpEx,116640,114379
2023-09-01,2023,Sep,South,Marketing,OpEx,174960,177461
2023-09-01,2023,Sep,South,Operations,OpEx,139968,142309
2023-09-01,2023,Sep,South,Operations,CapEx,233280,376114
2023-09-01,2023,Sep,South,R&D,OpEx,93312,102691
2023-09-01,2023,Sep,South,R&D,CapEx,174960,268527
2023-09-01,2023,Sep,South,Admin,OpEx,69984,65584
2023-09-01,2023,Sep,East,Sales,Revenue,1982880,1979596
2023-09-01,2023,Sep,East,Sales,COGS,991440,1224058
2023-09-01,2023,Sep,East,Sales,OpEx,99144,116148
2023-09-01,2023,Sep,East,Marketing,OpEx,148716,176907
2023-09-01,2023,Sep,East,Operations,OpEx,118973,119373
2023-09-01,2023,Sep,East,Operations,CapEx,198288,393977
2023-09-01,2023,Sep,East,R&D,OpEx,79315,102368
2023-09-01,2023,Sep,East,R&D,CapEx,148716,236675
2023-09-01,2023,Sep,East,Admin,OpEx,59486,73767
2023-09-01,2023,Sep,West,Sales,Revenue,2449440,2486862
2023-09-01,2023,Sep,West,Sales,COGS,1224720,1274963
2023-09-01,2023,Sep,West,Sales,OpEx,122472,125578
2023-09-01,2023,Sep,West,Marketing,OpEx,183708,193506
2023-09-01,2023,Sep,West,Operations,OpEx,146966,155559
2023-09-01,2023,Sep,West,Operations,CapEx,244944,421881
2023-09-01,2023,Sep,West,R&D,OpEx,97978,101156
2023-09-01,2023,Sep,West,R&D,CapEx,183708,364301
2023-09-01,2023,Sep,West,Admin,OpEx,73483,70421
2023-10-01,2023,Oct,North,Sales,Revenue,2825280,3596700
2023-10-01,2023,Oct,North,Sales,COGS,1412640,1384858
2023-10-01,2023,Oct,North,Sales,OpEx,141264,141467
2023-10-01,2023,Oct,North,Marketing,OpEx,211896,304345
2023-10-01,2023,Oct,North,Operations,OpEx,169517,171137
2023-10-01,2023,Oct,North,Operations,CapEx,282528,283184
2023-10-01,2023,Oct,North,R&D,OpEx,113011,105327
2023-10-01,2023,Oct,North,R&D,CapEx,211896,219802
2023-10-01,2023,Oct,North,Admin,OpEx,84758,87494
2023-10-01,2023,Oct,South,Sales,Revenue,2354400,3261323
2023-10-01,2023,Oct,South,Sales,COGS,1177200,1159084
2023-10-01,2023,Oct,South,Sales,OpEx,117720,119010
2023-10-01,2023,Oct,South,Marketing,OpEx,176580,241355
2023-10-01,2023,Oct,South,Operations,OpEx,141264,152406
2023-10-01,2023,Oct,South,Operations,CapEx,235440,234318
2023-10-01,2023,Oct,South,R&D,OpEx,94176,95490
2023-10-01,2023,Oct,South,R&D,CapEx,176580,181947
2023-10-01,2023,Oct,South,Admin,OpEx,70632,71291
2023-10-01,2023,Oct,East,Sales,Revenue,2001240,2445711
2023-10-01,2023,Oct,East,Sales,COGS,1000620,1180222
2023-10-01,2023,Oct,East,Sales,OpEx,100062,119187
2023-10-01,2023,Oct,East,Marketing,OpEx,150093,240234
2023-10-01,2023,Oct,East,Operations,OpEx,120074,147597
2023-10-01,2023,Oct,East,Operations,CapEx,200124,201403
2023-10-01,2023,Oct,East,R&D,OpEx,80050,96590
2023-10-01,2023,Oct,East,R&D,CapEx,150093,152924
2023-10-01,2023,Oct,East,Admin,OpEx,60037,74153
2023-10-01,2023,Oct,West,Sales,Revenue,2472120,2775690
2023-10-01,2023,Oct,West,Sales,COGS,1236060,1201747
2023-10-01,2023,Oct,West,Sales,OpEx,123606,135232
2023-10-01,2023,Oct,West,Marketing,OpEx,185409,232180
2023-10-01,2023,Oct,West,Operations,OpEx,148327,132020
2023-10-01,2023,Oct,West,Operations,CapEx,247212,252651
2023-10-01,2023,Oct,West,R&D,OpEx,98885,96403
2023-10-01,2023,Oct,West,R&D,CapEx,185409,175942
2023-10-01,2023,Oct,West,Admin,OpEx,74164,76790
2023-11-01,2023,Nov,North,Sales,Revenue,2851200,3607445
2023-11-01,2023,Nov,North,Sales,COGS,1425600,1385392
2023-11-01,2023,Nov,North,Sales,OpEx,142560,133434
2023-11-01,2023,Nov,North,Marketing,OpEx,213840,301277
2023-11-01,2023,Nov,North,Operations,OpEx,171072,176634
2023-11-01,2023,Nov,North,Operations,CapEx,285120,283706
2023-11-01,2023,Nov,North,R&D,OpEx,114048,124578
2023-11-01,2023,Nov,North,R&D,CapEx,213840,202399
2023-11-01,2023,Nov,North,Admin,OpEx,85536,79012
2023-11-01,2023,Nov,South,Sales,Revenue,2376000,2867252
2023-11-01,2023,Nov,South,Sales,COGS,1188000,1185292
2023-11-01,2023,Nov,South,Sales,OpEx,118800,120245
2023-11-01,2023,Nov,South,Marketing,OpEx,178200,237668
2023-11-01,2023,Nov,South,Operations,OpEx,142560,145069
2023-11-01,2023,Nov,South,Operations,CapEx,237600,222732
2023-11-01,2023,Nov,South,R&D,OpEx,95040,101901
2023-11-01,2023,Nov,South,R&D,CapEx,178200,177468
2023-11-01,2023,Nov,South,Admin,OpEx,71280,75262
2023-11-01,2023,Nov,East,Sales,Revenue,2019600,2567761
2023-11-01,2023,Nov,East,Sales,COGS,1009800,1284206
2023-11-01,2023,Nov,East,Sales,OpEx,100980,126049
2023-11-01,2023,Nov,East,Marketing,OpEx,151470,240404
2023-11-01,2023,Nov,East,Operations,OpEx,121176,154113
2023-11-01,2023,Nov,East,Operations,CapEx,201960,206922
2023-11-01,2023,Nov,East,R&D,OpEx,80784,89922
2023-11-01,2023,Nov,East,R&D,CapEx,151470,165109
2023-11-01,2023,Nov,East,Admin,OpEx,60588,70778
2023-11-01,2023,Nov,West,Sales,Revenue,2494800,3116272
2023-11-01,2023,Nov,West,Sales,COGS,1247400,1299831
2023-11-01,2023,Nov,West,Sales,OpEx,124740,120670
2023-11-01,2023,Nov,West,Marketing,OpEx,187110,246963
2023-11-01,2023,Nov,West,Operations,OpEx,149688,135546
2023-11-01,2023,Nov,West,Operations,CapEx,249480,243838
2023-11-01,2023,Nov,West,R&D,OpEx,99792,87698
2023-11-01,2023,Nov,West,R&D,CapEx,187110,172292
2023-11-01,2023,Nov,West,Admin,OpEx,74844,77690
2023-12-01,2023,Dec,North,Sales,Revenue,2877120,3737703
2023-12-01,2023,Dec,North,Sales,COGS,1438560,1469162
2023-12-01,2023,Dec,North,Sales,OpEx,143856,136901
2023-12-01,2023,Dec,North,Marketing,OpEx,215784,290613
2023-12-01,2023,Dec,North,Operations,OpEx,172627,172596
2023-12-01,2023,Dec,North,Operations,CapEx,287712,523857
2023-12-01,2023,Dec,North,R&D,OpEx,115085,118105
2023-12-01,2023,Dec,North,R&D,CapEx,215784,354117
2023-12-01,2023,Dec,North,Admin,OpEx,86314,87213
2023-12-01,2023,Dec,South,Sales,Revenue,2397600,2691046
2023-12-01,2023,Dec,South,Sales,COGS,1198800,1183984
2023-12-01,2023,Dec,South,Sales,OpEx,119880,115792
2023-12-01,2023,Dec,South,Marketing,OpEx,179820,230599
2023-12-01,2023,Dec,South,Operations,OpEx,143856,141834
2023-12-01,2023,Dec,South,Operations,CapEx,239760,538407
2023-12-01,2023,Dec,South,R&D,OpEx,95904,98977
2023-12-01,2023,Dec,South,R&D,CapEx,179820,275913
2023-12-01,2023,Dec,South,Admin,OpEx,71928,70328
2023-12-01,2023,Dec,East,Sales,Revenue,2037960,2725689
2023-12-01,2023,Dec,East,Sales,COGS,1018980,1199408
2023-12-01,2023,Dec,East,Sales,OpEx,101898,139952
2023-12-01,2023,Dec,East,Marketing,OpEx,152847,259238
2023-12-01,2023,Dec,East,Operations,OpEx,122278,148463
2023-12-01,2023,Dec,East,Operations,CapEx,203796,334390
2023-12-01,2023,Dec,East,R&D,OpEx,81518,102544
2023-12-01,2023,Dec,East,R&D,CapEx,152847,290856
2023-12-01,2023,Dec,East,Admin,OpEx,61139,77150
2023-12-01,2023,Dec,West,Sales,Revenue,2517480,3490251
2023-12-01,2023,Dec,West,Sales,COGS,1258740,1217742
2023-12-01,2023,Dec,West,Sales,OpEx,125874,122829
2023-12-01,2023,Dec,West,Marketing,OpEx,188811,250812
2023-12-01,2023,Dec,West,Operations,OpEx,151049,154252
2023-12-01,2023,Dec,West,Operations,CapEx,251748,506608
2023-12-01,2023,Dec,West,R&D,OpEx,100699,97811
2023-12-01,2023,Dec,West,R&D,CapEx,188811,434351
2023-12-01,2023,Dec,West,Admin,OpEx,75524,75160
2024-01-01,2024,Jan,North,Sales,Revenue,2799360,2524211
2024-01-01,2024,Jan,North,Sales,COGS,1399680,1408080
2024-01-01,2024,Jan,North,Sales,OpEx,139968,144262
2024-01-01,2024,Jan,North,Marketing,OpEx,209952,199215
2024-01-01,2024,Jan,North,Operations,OpEx,167962,165800
2024-01-01,2024,Jan,North,Operations,CapEx,279936,256581
2024-01-01,2024,Jan,North,R&D,OpEx,111974,114210
2024-01-01,2024,Jan,North,R&D,CapEx,209952,216746
2024-01-01,2024,Jan,North,Admin,OpEx,83981,81952
2024-01-01,2024,Jan,South,Sales,Revenue,2332800,2264751
2024-01-01,2024,Jan,South,Sales,COGS,1166400,1094913
2024-01-01,2024,Jan,South,Sales,OpEx,116640,108100
2024-01-01,2024,Jan,South,Marketing,OpEx,174960,176924
2024-01-01,2024,Jan,South,Operations,OpEx,139968,147296
2024-01-01,2024,Jan,South,Operations,CapEx,233280,252921
2024-01-01,2024,Jan,South,R&D,OpEx,93312,91171
2024-01-01,2024,Jan,South,R&D,CapEx,174960,184396
2024-01-01,2024,Jan,South,Admin,OpEx,69984,69849
2024-01-01,2024,Jan,East,Sales,Revenue,1982880,1769189
2024-01-01,2024,Jan,East,Sales,COGS,991440,1205328
2024-01-01,2024,Jan,East,Sales,OpEx,99144,118961
2024-01-01,2024,Jan,East,Marketing,OpEx,148716,183011
2024-01-01,2024,Jan,East,Operations,OpEx,118973,145099
2024-01-01,2024,Jan,East,Operations,CapEx,198288,205992
2024-01-01,2024,Jan,East,R&D,OpEx,79315,93364
2024-01-01,2024,Jan,East,R&D,CapEx,148716,150654
2024-01-01,2024,Jan,East,Admin,OpEx,59486,72465
2024-01-01,2024,Jan,West,Sales,Revenue,2449440,2172367
2024-01-01,2024,Jan,West,Sales,COGS,1224720,1258008
2024-01-01,2024,Jan,West,Sales,OpEx,122472,120203
2024-01-01,2024,Jan,West,Marketing,OpEx,183708,190796
2024-01-01,2024,Jan,West,Operations,OpEx,146966,126034
2024-01-01,2024,Jan,West,Operations,CapEx,244944,259013
2024-01-01,2024,Jan,West,R&D,OpEx,97978,89455
2024-01-01,2024,Jan,West,R&D,CapEx,183708,180379
2024-01-01,2024,Jan,West,Admin,OpEx,73483,69369
2024-02-01,2024,Feb,North,Sales,Revenue,2827354,2379895
2024-02-01,2024,Feb,North,Sales,COGS,1413677,1495728
2024-02-01,2024,Feb,North,Sales,OpEx,141368,138062
2024-02-01,2024,Feb,North,Marketing,OpEx,212052,215725
2024-02-01,2024,Feb,North,Operations,OpEx,169641,169243
2024-02-01,2024,Feb,North,Operations,CapEx,282735,289479
2024-02-01,2024,Feb,North,R&D,OpEx,113094,113529
2024-02-01,2024,Feb,North,R&D,CapEx,212052,198448
2024-02-01,2024,Feb,North,Admin,OpEx,84821,89046
2024-02-01,2024,Feb,South,Sales,Revenue,2356128,2068164
2024-02-01,2024,Feb,South,Sales,COGS,1178064,1086376
2024-02-01,2024,Feb,South,Sales,OpEx,117806,115285
2024-02-01,2024,Feb,South,Marketing,OpEx,176710,189970
2024-02-01,2024,Feb,South,Operations,OpEx,141368,147377
2024-02-01,2024,Feb,South,Operations,CapEx,235613,231505
2024-02-01,2024,Feb,South,R&D,OpEx,94245,92599
2024-02-01,2024,Feb,South,R&D,CapEx,176710,173868
2024-02-01,2024,Feb,South,Admin,OpEx,70684,78023
2024-02-01,2024,Feb,East,Sales,Revenue,2002709,1836859
2024-02-01,2024,Feb,East,Sales,COGS,1001354,1241432
2024-02-01,2024,Feb,East,Sales,OpEx,100135,112217
2024-02-01,2024,Feb,East,Marketing,OpEx,150203,178027
2024-02-01,2024,Feb,East,Operations,OpEx,120163,152958
2024-02-01,2024,Feb,East,Operations,CapEx,200271,193386
2024-02-01,2024,Feb,East,R&D,OpEx,80108,97209
2024-02-01,2024,Feb,East,R&D,CapEx,150203,149597
2024-02-01,2024,Feb,East,Admin,OpEx,60081,66694
2024-02-01,2024,Feb,West,Sales,Revenue,2473934,2227575
2024-02-01,2024,Feb,West,Sales,COGS,1236967,1293641
2024-02-01,2024,Feb,West,Sales,OpEx,123697,125840
2024-02-01,2024,Feb,West,Marketing,OpEx,185545,194804
2024-02-01,2024,Feb,West,Operations,OpEx,148436,126941
2024-02-01,2024,Feb,West,Operations,CapEx,247393,273226
2024-02-01,2024,Feb,West,R&D,OpEx,98957,98267
2024-02-01,2024,Feb,West,R&D,CapEx,185545,195826
2024-02-01,2024,Feb,West,Admin,OpEx,74218,70359
2024-03-01,2024,Mar,North,Sales,Revenue,2855347,2942831
2024-03-01,2024,Mar,North,Sales,COGS,1427674,1352477
2024-03-01,2024,Mar,North,Sales,OpEx,142767,138315
2024-03-01,2024,Mar,North,Marketing,OpEx,214151,234646
2024-03-01,2024,Mar,North,Operations,OpEx,171321,169687
2024-03-01,2024,Mar,North,Operations,CapEx,285535,572902
2024-03-01,2024,Mar,North,R&D,OpEx,114214,114037
2024-03-01,2024,Mar,North,R&D,CapEx,214151,455300
2024-03-01,2024,Mar,North,Admin,OpEx,85660,86522
2024-03-01,2024,Mar,South,Sales,Revenue,2379456,2504455
2024-03-01,2024,Mar,South,Sales,COGS,1189728,1255492
2024-03-01,2024,Mar,South,Sales,OpEx,118973,126034
2024-03-01,2024,Mar,South,Marketing,OpEx,178459,184159
2024-03-01,2024,Mar,South,Operations,OpEx,142767,134608
2024-03-01,2024,Mar,South,Operations,CapEx,237946,405273
2024-03-01,2024,Mar,South,R&D,OpEx,95178,89723
2024-03-01,2024,Mar,South,R&D,CapEx,178459,383791
2024-03-01,2024,Mar,South,Admin,OpEx,71384,70483
2024-03-01,2024,Mar,East,Sales,Revenue,2022538,2185727
2024-03-01,2024,Mar,East,Sales,COGS,1011269,1303675
2024-03-01,2024,Mar,East,Sales,OpEx,101127,113613
2024-03-01,2024,Mar,East,Marketing,OpEx,151690,180653
2024-03-01,2024,Mar,East,Operations,OpEx,121352,149580
2024-03-01,2024,Mar,East,Operations,CapEx,202254,432485
2024-03-01,2024,Mar,East,R&D,OpEx,80902,91231
2024-03-01,2024,Mar,East,R&D,CapEx,151690,248525
2024-03-01,2024,Mar,East,Admin,OpEx,60676,69935
2024-03-01,2024,Mar,West,Sales,Revenue,2498429,2293090
2024-03-01,2024,Mar,West,Sales,COGS,1249214,1187291
2024-03-01,2024,Mar,West,Sales,OpEx,124921,111471
2024-03-01,2024,Mar,West,Marketing,OpEx,187382,181396
2024-03-01,2024,Mar,West,Operations,OpEx,149906,139989
2024-03-01,2024,Mar,West,Operations,CapEx,249843,522770
2024-03-01,2024,Mar,West,R&D,OpEx,99937,104983
2024-03-01,2024,Mar,West,R&D,CapEx,187382,349972
2024-03-01,2024,Mar,West,Admin,OpEx,74953,72393
2024-04-01,2024,Apr,North,Sales,Revenue,2883341,2523009
2024-04-01,2024,Apr,North,Sales,COGS,1441670,1606810
2024-04-01,2024,Apr,North,Sales,OpEx,144167,134151
2024-04-01,2024,Apr,North,Marketing,OpEx,216251,198460
2024-04-01,2024,Apr,North,Operations,OpEx,173000,181846
2024-04-01,2024,Apr,North,Operations,CapEx,288334,323507
2024-04-01,2024,Apr,North,R&D,OpEx,115334,123316
2024-04-01,2024,Apr,North,R&D,CapEx,216251,222348
2024-04-01,2024,Apr,North,Admin,OpEx,86500,89073
2024-04-01,2024,Apr,South,Sales,Revenue,2402784,2505313
2024-04-01,2024,Apr,South,Sales,COGS,1201392,1246981
2024-04-01,2024,Apr,South,Sales,OpEx,120139,121828
2024-04-01,2024,Apr,South,Marketing,OpEx,180209,181148
2024-04-01,2024,Apr,South,Operations,OpEx,144167,143716
2024-04-01,2024,Apr,South,Operations,CapEx,240278,231220
2024-04-01,2024,Apr,South,R&D,OpEx,96111,94763
2024-04-01,2024,Apr,South,R&D,CapEx,180209,164955
2024-04-01,2024,Apr,South,Admin,OpEx,72084,71729
2024-04-01,2024,Apr,East,Sales,Revenue,2042366,1941413
2024-04-01,2024,Apr,East,Sales,COGS,1021183,1204581
2024-04-01,2024,Apr,East,Sales,OpEx,102118,112457
2024-04-01,2024,Apr,East,Marketing,OpEx,153177,192863
2024-04-01,2024,Apr,East,Operations,OpEx,122542,135424
2024-04-01,2024,Apr,East,Operations,CapEx,204237,188032
2024-04-01,2024,Apr,East,R&D,OpEx,81695,96451
2024-04-01,2024,Apr,East,R&D,CapEx,153177,145761
2024-04-01,2024,Apr,East,Admin,OpEx,61271,76104
2024-04-01,2024,Apr,West,Sales,Revenue,2522923,2550963
2024-04-01,2024,Apr,West,Sales,COGS,1261462,1160987
2024-04-01,2024,Apr,West,Sales,OpEx,126146,128924
2024-04-01,2024,Apr,West,Marketing,OpEx,189219,189033
2024-04-01,2024,Apr,West,Operations,OpEx,151375,155557
2024-04-01,2024,Apr,West,Operations,CapEx,252292,255117
2024-04-01,2024,Apr,West,R&D,OpEx,100917,107800
2024-04-01,2024,Apr,West,R&D,CapEx,189219,190404
2024-04-01,2024,Apr,West,Admin,OpEx,75688,74063
2024-05-01,2024,May,North,Sales,Revenue,2911334,2929137
2024-05-01,2024,May,North,Sales,COGS,1455667,1495210
2024-05-01,2024,May,North,Sales,OpEx,145567,145922
2024-05-01,2024,May,North,Marketing,OpEx,218350,218793
2024-05-01,2024,May,North,Operations,OpEx,174680,168549
2024-05-01,2024,May,North,Operations,CapEx,291133,281484
2024-05-01,2024,May,North,R&D,OpEx,116453,108286
2024-05-01,2024,May,North,R&D,CapEx,218350,237451
2024-05-01,2024,May,North,Admin,OpEx,87340,81908
2024-05-01,2024,May,South,Sales,Revenue,2426112,2342059
2024-05-01,2024,May,South,Sales,COGS,1213056,1169483
2024-05-01,2024,May,South,Sales,OpEx,121306,126734
2024-05-01,2024,May,South,Marketing,OpEx,181958,179275
2024-05-01,2024,May,South,Operations,OpEx,145567,154648
2024-05-01,2024,May,South,Operations,CapEx,242611,234441
2024-05-01,2024,May,South,R&D,OpEx,97044,98398
2024-05-01,2024,May,South,R&D,CapEx,181958,174358
2024-05-01,2024,May,South,Admin,OpEx,72783,80590
2024-05-01,2024,May,East,Sales,Revenue,2062195,1939742
2024-05-01,2024,May,East,Sales,COGS,1031098,1296168
2024-05-01,2024,May,East,Sales,OpEx,103110,114989
2024-05-01,2024,May,East,Marketing,OpEx,154665,177751
2024-05-01,2024,May,East,Operations,OpEx,123732,158550
2024-05-01,2024,May,East,Operations,CapEx,206220,222958
2024-05-01,2024,May,East,R&D,OpEx,82488,97438
2024-05-01,2024,May,East,R&D,CapEx,154665,144072
2024-05-01,2024,May,East,Admin,OpEx,61866,71751
2024-05-01,2024,May,West,Sales,Revenue,2547418,2547152
2024-05-01,2024,May,West,Sales,COGS,1273709,1222526
2024-05-01,2024,May,West,Sales,OpEx,127371,137810
2024-05-01,2024,May,West,Marketing,OpEx,191056,207083
2024-05-01,2024,May,West,Operations,OpEx,152845,148614
2024-05-01,2024,May,West,Operations,CapEx,254742,261989
2024-05-01,2024,May,West,R&D,OpEx,101897,110193
2024-05-01,2024,May,West,R&D,CapEx,191056,187435
2024-05-01,2024,May,West,Admin,OpEx,76423,75645
2024-06-01,2024,Jun,North,Sales,Revenue,2939328,2853840
2024-06-01,2024,Jun,North,Sales,COGS,1469664,1395096
2024-06-01,2024,Jun,North,Sales,OpEx,146966,142195
2024-06-01,2024,Jun,North,Marketing,OpEx,220450,206959
2024-06-01,2024,Jun,North,Operations,OpEx,176360,176660
2024-06-01,2024,Jun,North,Operations,CapEx,293933,437301
2024-06-01,2024,Jun,North,R&D,OpEx,117573,113918
2024-06-01,2024,Jun,North,R&D,CapEx,220450,428525
2024-06-01,2024,Jun,North,Admin,OpEx,88180,89639
2024-06-01,2024,Jun,South,Sales,Revenue,2449440,2551524
2024-06-01,2024,Jun,South,Sales,COGS,1224720,1102632
2024-06-01,2024,Jun,South,Sales,OpEx,122472,124763
2024-06-01,2024,Jun,South,Marketing,OpEx,183708,194985
2024-06-01,2024,Jun,South,Operations,OpEx,146966,138078
2024-06-01,2024,Jun,South,Operations,CapEx,244944,484578
2024-06-01,2024,Jun,South,R&D,OpEx,97978,100030
2024-06-01,2024,Jun,South,R&D,CapEx,183708,400631
2024-06-01,2024,Jun,South,Admin,OpEx,73483,70982
2024-06-01,2024,Jun,East,Sales,Revenue,2082024,2138109
2024-06-01,2024,Jun,East,Sales,COGS,1041012,1144188
2024-06-01,2024,Jun,East,Sales,OpEx,104101,118418
2024-06-01,2024,Jun,East,Marketing,OpEx,156152,194570
2024-06-01,2024,Jun,East,Operations,OpEx,124921,166048
2024-06-01,2024,Jun,East,Operations,CapEx,208202,420261
2024-06-01,2024,Jun,East,R&D,OpEx,83281,92761
2024-06-01,2024,Jun,East,R&D,CapEx,156152,318600
2024-06-01,2024,Jun,East,Admin,OpEx,62461,78657
2024-06-01,2024,Jun,West,Sales,Revenue,2571912,2672227
2024-06-01,2024,Jun,West,Sales,COGS,1285956,1435084
2024-06-01,2024,Jun,West,Sales,OpEx,128596,131125
2024-06-01,2024,Jun,West,Marketing,OpEx,192893,194746
2024-06-01,2024,Jun,West,Operations,OpEx,154315,151930
2024-06-01,2024,Jun,West,Operations,CapEx,257191,530094
2024-06-01,2024,Jun,West,R&D,OpEx,102876,102092
2024-06-01,2024,Jun,West,R&D,CapEx,192893,319876
2024-06-01,2024,Jun,West,Admin,OpEx,77157,73725
2024-07-01,2024,Jul,North,Sales,Revenue,2967322,2694891
2024-07-01,2024,Jul,North,Sales,COGS,1483661,1521345
2024-07-01,2024,Jul,North,Sales,OpEx,148366,140181
2024-07-01,2024,Jul,North,Marketing,OpEx,222549,198593
2024-07-01,2024,Jul,North,Operations,OpEx,178039,181498
2024-07-01,2024,Jul,North,Operations,CapEx,296732,333720
2024-07-01,2024,Jul,North,R&D,OpEx,118693,118657
2024-07-01,2024,Jul,North,R&D,CapEx,222549,231879
2024-07-01,2024,Jul,North,Admin,OpEx,89020,89384
2024-07-01,2024,Jul,South,Sales,Revenue,2472768,2460541
2024-07-01,2024,Jul,South,Sales,COGS,1236384,1293201
2024-07-01,2024,Jul,South,Sales,OpEx,123638,121844
2024-07-01,2024,Jul,South,Marketing,OpEx,185458,187937
2024-07-01,2024,Jul,South,Operations,OpEx,148366,150753
2024-07-01,2024,Jul,South,Operations,CapEx,247277,239017
2024-07-01,2024,Jul,South,R&D,OpEx,98911,103817
2024-07-01,2024,Jul,South,R&D,CapEx,185458,183835
2024-07-01,2024,Jul,South,Admin,OpEx,74183,71380
2024-07-01,2024,Jul,East,Sales,Revenue,2101853,2158236
2024-07-01,2024,Jul,East,Sales,COGS,1050926,1179743
2024-07-01,2024,Jul,East,Sales,OpEx,105093,131866
2024-07-01,2024,Jul,East,Marketing,OpEx,157639,181432
2024-07-01,2024,Jul,East,Operations,OpEx,126111,175986
2024-07-01,2024,Jul,East,Operations,CapEx,210185,207031
2024-07-01,2024,Jul,East,R&D,OpEx,84074,99577
2024-07-01,2024,Jul,East,R&D,CapEx,157639,147299
2024-07-01,2024,Jul,East,Admin,OpEx,63056,69985
2024-07-01,2024,Jul,West,Sales,Revenue,2596406,2467584
2024-07-01,2024,Jul,West,Sales,COGS,1298203,1301880
2024-07-01,2024,Jul,West,Sales,OpEx,129820,133259
2024-07-01,2024,Jul,West,Marketing,OpEx,194730,194044
2024-07-01,2024,Jul,West,Operations,OpEx,155784,159574
2024-07-01,2024,Jul,West,Operations,CapEx,259641,260478
2024-07-01,2024,Jul,West,R&D,OpEx,103856,93598
2024-07-01,2024,Jul,West,R&D,CapEx,194730,185585
2024-07-01,2024,Jul,West,Admin,OpEx,77892,77331
2024-08-01,2024,Aug,North,Sales,Revenue,2995315,2814144
2024-08-01,2024,Aug,North,Sales,COGS,1497658,1542582
2024-08-01,2024,Aug,North,Sales,OpEx,149766,161228
2024-08-01,2024,Aug,North,Marketing,OpEx,224649,238338
2024-08-01,2024,Aug,North,Operations,OpEx,179719,177801
2024-08-01,2024,Aug,North,Operations,CapEx,299532,321857
2024-08-01,2024,Aug,North,R&D,OpEx,119813,120703
2024-08-01,2024,Aug,North,R&D,CapEx,224649,220862
2024-08-01,2024,Aug,North,Admin,OpEx,89859,87103
2024-08-01,2024,Aug,South,Sales,Revenue,2496096,2458346
2024-08-01,2024,Aug,South,Sales,COGS,1248048,1223825
2024-08-01,2024,Aug,South,Sales,OpEx,124805,125868
2024-08-01,2024,Aug,South,Marketing,OpEx,187207,188710
2024-08-01,2024,Aug,South,Operations,OpEx,149766,149789
2024-08-01,2024,Aug,South,Operations,CapEx,249610,255063
2024-08-01,2024,Aug,South,R&D,OpEx,99844,105788
2024-08-01,2024,Aug,South,R&D,CapEx,187207,196095
2024-08-01,2024,Aug,South,Admin,OpEx,74883,69323
2024-08-01,2024,Aug,East,Sales,Revenue,2121682,1850751
2024-08-01,2024,Aug,East,Sales,COGS,1060841,1266869
2024-08-01,2024,Aug,East,Sales,OpEx,106084,121333
2024-08-01,2024,Aug,East,Marketing,OpEx,159126,196864
2024-08-01,2024,Aug,East,Operations,OpEx,127301,167032
2024-08-01,2024,Aug,East,Operations,CapEx,212168,208809
2024-08-01,2024,Aug,East,R&D,OpEx,84867,92565
2024-08-01,2024,Aug,East,R&D,CapEx,159126,138511
2024-08-01,2024,Aug,East,Admin,OpEx,63650,75822
2024-08-01,2024,Aug,West,Sales,Revenue,2620901,2516531
2024-08-01,2024,Aug,West,Sales,COGS,1310450,1213548
2024-08-01,2024,Aug,West,Sales,OpEx,131045,132246
2024-08-01,2024,Aug,West,Marketing,OpEx,196568,196417
2024-08-01,2024,Aug,West,Operations,OpEx,157254,161809
2024-08-01,2024,Aug,West,Operations,CapEx,262090,263657
2024-08-01,2024,Aug,West,R&D,OpEx,104836,99735
2024-08-01,2024,Aug,West,R&D,CapEx,196568,208328
2024-08-01,2024,Aug,West,Admin,OpEx,78627,78004
2024-09-01,2024,Sep,North,Sales,Revenue,3023309,3019181
2024-09-01,2024,Sep,North,Sales,COGS,1511654,1441115
2024-09-01,2024,Sep,North,Sales,OpEx,151165,147815
2024-09-01,2024,Sep,North,Marketing,OpEx,226748,216717
2024-09-01,2024,Sep,North,Operations,OpEx,181399,179830
2024-09-01,2024,Sep,North,Operations,CapEx,302331,578667
2024-09-01,2024,Sep,North,R&D,OpEx,120932,115643
2024-09-01,2024,Sep,North,R&D,CapEx,226748,411829
2024-09-01,2024,Sep,North,Admin,OpEx,90699,87665
2024-09-01,2024,Sep,South,Sales,Revenue,2519424,2650422
2024-09-01,2024,Sep,South,Sales,COGS,1259712,1221567
2024-09-01,2024,Sep,South,Sales,OpEx,125971,137472
2024-09-01,2024,Sep,South,Marketing,OpEx,188957,195362
2024-09-01,2024,Sep,South,Operations,OpEx,151165,147478
2024-09-01,2024,Sep,South,Operations,CapEx,251942,547504
2024-09-01,2024,Sep,South,R&D,OpEx,100777,97725
2024-09-01,2024,Sep,South,R&D,CapEx,188957,369682
2024-09-01,2024,Sep,South,Admin,OpEx,75583,78604
2024-09-01,2024,Sep,East,Sales,Revenue,2141510,2144937
2024-09-01,2024,Sep,East,Sales,COGS,1070755,1178827
2024-09-01,2024,Sep,East,Sales,OpEx,107076,132162
2024-09-01,2024,Sep,East,Marketing,OpEx,160613,196539
2024-09-01,2024,Sep,East,Operations,OpEx,128491,147114
2024-09-01,2024,Sep,East,Operations,CapEx,214151,324360
2024-09-01,2024,Sep,East,R&D,OpEx,85660,95991
2024-09-01,2024,Sep,East,R&D,CapEx,160613,298436
2024-09-01,2024,Sep,East,Admin,OpEx,64245,76371
2024-09-01,2024,Sep,West,Sales,Revenue,2645395,2798539
2024-09-01,2024,Sep,West,Sales,COGS,1322698,1401114
2024-09-01,2024,Sep,West,Sales,OpEx,132270,137025
2024-09-01,2024,Sep,West,Marketing,OpEx,198405,208286
2024-09-01,2024,Sep,West,Operations,OpEx,158724,152718
2024-09-01,2024,Sep,West,Operations,CapEx,264540,403981
2024-09-01,2024,Sep,West,R&D,OpEx,105816,113759
2024-09-01,2024,Sep,West,R&D,CapEx,198405,410887
2024-09-01,2024,Sep,West,Admin,OpEx,79362,75689
2024-10-01,2024,Oct,North,Sales,Revenue,3051302,3901069
2024-10-01,2024,Oct,North,Sales,COGS,1525651,1690803
2024-10-01,2024,Oct,North,Sales,OpEx,152565,147656
2024-10-01,2024,Oct,North,Marketing,OpEx,228848,323277
2024-10-01,2024,Oct,North,Operations,OpEx,183078,183600
2024-10-01,2024,Oct,North,Operations,CapEx,305130,309228
2024-10-01,2024,Oct,North,R&D,OpEx,122052,131380
2024-10-01,2024,Oct,North,R&D,CapEx,228848,234659
2024-10-01,2024,Oct,North,Admin,OpEx,91539,94003
2024-10-01,2024,Oct,South,Sales,Revenue,2542752,3348885
2024-10-01,2024,Oct,South,Sales,COGS,1271376,1248176
2024-10-01,2024,Oct,South,Sales,OpEx,127138,121803
2024-10-01,2024,Oct,South,Marketing,OpEx,190706,244004
2024-10-01,2024,Oct,South,Operations,OpEx,152565,137565
2024-10-01,2024,Oct,South,Operations,CapEx,254275,280417
2024-10-01,2024,Oct,South,R&D,OpEx,101710,96100
2024-10-01,2024,Oct,South,R&D,CapEx,190706,188597
2024-10-01,2024,Oct,South,Admin,OpEx,76283,75227
2024-10-01,2024,Oct,East,Sales,Revenue,2161339,2743200
2024-10-01,2024,Oct,East,Sales,COGS,1080670,1311168
2024-10-01,2024,Oct,East,Sales,OpEx,108067,137735
2024-10-01,2024,Oct,East,Marketing,OpEx,162100,280957
2024-10-01,2024,Oct,East,Operations,OpEx,129680,161280
2024-10-01,2024,Oct,East,Operations,CapEx,216134,207341
2024-10-01,2024,Oct,East,R&D,OpEx,86454,110209
2024-10-01,2024,Oct,East,R&D,CapEx,162100,168057
2024-10-01,2024,Oct,East,Admin,OpEx,64840,74210
2024-10-01,2024,Oct,West,Sales,Revenue,2669890,3421280
2024-10-01,2024,Oct,West,Sales,COGS,1334945,1361623
2024-10-01,2024,Oct,West,Sales,OpEx,133494,129147
2024-10-01,2024,Oct,West,Marketing,OpEx,200242,263181
2024-10-01,2024,Oct,West,Operations,OpEx,160193,164890
2024-10-01,2024,Oct,West,Operations,CapEx,266989,283519
2024-10-01,2024,Oct,West,R&D,OpEx,106796,106909
2024-10-01,2024,Oct,West,R&D,CapEx,200242,203334
2024-10-01,2024,Oct,West,Admin,OpEx,80097,86914
2024-11-01,2024,Nov,North,Sales,Revenue,3079296,3895454
2024-11-01,2024,Nov,North,Sales,COGS,1539648,1739932
2024-11-01,2024,Nov,North,Sales,OpEx,153965,158318
2024-11-01,2024,Nov,North,Marketing,OpEx,230947,284330
2024-11-01,2024,Nov,North,Operations,OpEx,184758,191717
2024-11-01,2024,Nov,North,Operations,CapEx,307930,313798
2024-11-01,2024,Nov,North,R&D,OpEx,123172,131115
2024-11-01,2024,Nov,North,R&D,CapEx,230947,238721
2024-11-01,2024,Nov,North,Admin,OpEx,92379,91739
2024-11-01,2024,Nov,South,Sales,Revenue,2566080,3011247
2024-11-01,2024,Nov,South,Sales,COGS,1283040,1269631
2024-11-01,2024,Nov,South,Sales,OpEx,128304,122848
2024-11-01,2024,Nov,South,Marketing,OpEx,192456,252274
2024-11-01,2024,Nov,South,Operations,OpEx,153965,158496
2024-11-01,2024,Nov,South,Operations,CapEx,256608,278034
2024-11-01,2024,Nov,South,R&D,OpEx,102643,104669
2024-11-01,2024,Nov,South,R&D,CapEx,192456,180948
2024-11-01,2024,Nov,South,Admin,OpEx,76982,78694
2024-11-01,2024,Nov,East,Sales,Revenue,2181168,2889588
2024-11-01,2024,Nov,East,Sales,COGS,1090584,1277973
2024-11-01,2024,Nov,East,Sales,OpEx,109058,115700
2024-11-01,2024,Nov,East,Marketing,OpEx,163588,243864
2024-11-01,2024,Nov,East,Operations,OpEx,130870,155087
2024-11-01,2024,Nov,East,Operations,CapEx,218117,195279
2024-11-01,2024,Nov,East,R&D,OpEx,87247,104341
2024-11-01,2024,Nov,East,R&D,CapEx,163588,171216
2024-11-01,2024,Nov,East,Admin,OpEx,65435,79484
2024-11-01,2024,Nov,West,Sales,Revenue,2694384,3241528
2024-11-01,2024,Nov,West,Sales,COGS,1347192,1244424
2024-11-01,2024,Nov,West,Sales,OpEx,134719,143224
2024-11-01,2024,Nov,West,Marketing,OpEx,202079,265279
2024-11-01,2024,Nov,West,Operations,OpEx,161663,182341
2024-11-01,2024,Nov,West,Operations,CapEx,269438,261837
2024-11-01,2024,Nov,West,R&D,OpEx,107775,108770
2024-11-01,2024,Nov,West,R&D,CapEx,202079,217660
2024-11-01,2024,Nov,West,Admin,OpEx,80832,88939
2024-12-01,2024,Dec,North,Sales,Revenue,3107290,4284468
2024-12-01,2024,Dec,North,Sales,COGS,1553645,1647513
2024-12-01,2024,Dec,North,Sales,OpEx,155364,163320
2024-12-01,2024,Dec,North,Marketing,OpEx,233047,323934
2024-12-01,2024,Dec,North,Operations,OpEx,186437,193693
2024-12-01,2024,Dec,North,Operations,CapEx,310729,558637
2024-12-01,2024,Dec,North,R&D,OpEx,124292,131226
2024-12-01,2024,Dec,North,R&D,CapEx,233047,449920
2024-12-01,2024,Dec,North,Admin,OpEx,93219,93631
2024-12-01,2024,Dec,South,Sales,Revenue,2589408,3475881
2024-12-01,2024,Dec,South,Sales,COGS,1294704,1220797
2024-12-01,2024,Dec,South,Sales,OpEx,129470,128217
2024-12-01,2024,Dec,South,Marketing,OpEx,194206,252781
2024-12-01,2024,Dec,South,Operations,OpEx,155364,140865
2024-12-01,2024,Dec,South,Operations,CapEx,258941,494791
2024-12-01,2024,Dec,South,R&D,OpEx,103576,102946
2024-12-01,2024,Dec,South,R&D,CapEx,194206,351883
2024-12-01,2024,Dec,South,Admin,OpEx,77682,79922
2024-12-01,2024,Dec,East,Sales,Revenue,2200997,2919214
2024-12-01,2024,Dec,East,Sales,COGS,1100498,1289875
2024-12-01,2024,Dec,East,Sales,OpEx,110050,137473
2024-12-01,2024,Dec,East,Marketing,OpEx,165075,265877
2024-12-01,2024,Dec,East,Operations,OpEx,132060,145812
2024-12-01,2024,Dec,East,Operations,CapEx,220100,388341
2024-12-01,2024,Dec,East,R&D,OpEx,88040,103108
2024-12-01,2024,Dec,East,R&D,CapEx,165075,293013
2024-12-01,2024,Dec,East,Admin,OpEx,66030,87127
2024-12-01,2024,Dec,West,Sales,Revenue,2718878,3365471
2024-12-01,2024,Dec,West,Sales,COGS,1359439,1394350
2024-12-01,2024,Dec,West,Sales,OpEx,135944,132323
2024-12-01,2024,Dec,West,Marketing,OpEx,203916,259183
2024-12-01,2024,Dec,West,Operations,OpEx,163133,139705
2024-12-01,2024,Dec,West,Operations,CapEx,271888,490298
2024-12-01,2024,Dec,West,R&D,OpEx,108755,118392
2024-12-01,2024,Dec,West,R&D,CapEx,203916,343345
2024-12-01,2024,Dec,West,Admin,OpEx,81566,84740
